Metric,Value
Total Return,63.86651004127446
Max Drawdown,-0.6077853391632757
Sharpe Ratio,1.431665369411482
Win Rate,0.4986413043478261
Total Trades,736.0
