Metric,Value
Total Return,-0.22697486942336245
Max Drawdown,-0.9159510166416349
Sharpe Ratio,0.35287909715571353
Win Rate,0.45454545454545453
Total Trades,363.0
